<?xml version="1.0" encoding="UTF-8"?>
<project xmlns="http://maven.apache.org/POM/4.0.0" xmlns:xsi="http://www.w3.org/2001/XMLSchema-instance"
         xsi:schemaLocation="http://maven.apache.org/POM/4.0.0 http://maven.apache.org/maven-v4_0_0.xsd">
    <modelVersion>4.0.0</modelVersion>
    <parent>
        <groupId>com.ilog.rules.executionserver</groupId>
        <artifactId>ds-ei-distrib</artifactId>
        <version>8.9.0-SNAPSHOT</version>
    </parent>
    <artifactId>ds-ei-distrib-bundles</artifactId>
    <packaging>pom</packaging>
    <name>executionserver/poc/docker-compose;</name>
    <properties>
        <bundle.liberty>${project.build.directory}/liberty-bundle</bundle.liberty>
    </properties>
    <profiles>
        <profile>
            <id>demo</id>
            <build>
                <plugins>
                    <plugin>
                        <artifactId>maven-dependency-plugin</artifactId>
                        <executions>
                            <!-- ======================================================= -->
                            <!--  					Liberty Bundle                 -->
                            <!-- ======================================================= -->
                            <!--___________________ Liberty 8.5.5 ______________________ -->
                            <execution>
                                <id>copy-ds-wlp855</id>
                                <phase>generate-resources</phase>
                                <goals>
                                    <goal>copy</goal>
                                </goals>
                                <configuration>
                                    <artifactItems>
                                        <artifactItem>
                                            <groupId>com.ilog.rules.executionserver</groupId>
                                            <artifactId>jrules-res-management-webapp-WLP85</artifactId>
                                            <version>${project.version}</version>
                                            <type>war</type>
                                            <destFileName>res.war</destFileName>
                                            <overWrite>true</overWrite>
                                        </artifactItem>
                                        <artifactItem>
                                            <groupId>com.ilog.rules.executionserver</groupId>
                                            <artifactId>jrules-res-htds-webapp-WLP85</artifactId>
                                            <version>${project.version}</version>
                                            <type>war</type>
                                            <destFileName>DecisionService.war</destFileName>
                                            <overWrite>true</overWrite>
                                        </artifactItem>
                                        <artifactItem>
                                            <groupId>com.ilog.rules.executionserver</groupId>
                                            <artifactId>jrules-ssp-webapp-WLP85</artifactId>
                                            <version>${project.version}</version>
                                            <type>war</type>
                                            <overWrite>true</overWrite>
                                            <destFileName>testing.war</destFileName>
                                        </artifactItem>
                                        <artifactItem>
                                            <groupId>com.ilog.rules.executionserver</groupId>
                                            <artifactId>jrules-dr-webapp-WLP85</artifactId>
                                            <version>${project.version}</version>
                                            <type>war</type>
                                            <destFileName>DecisionRunner.war</destFileName>
                                            <overWrite>true</overWrite>
                                        </artifactItem>
                                    </artifactItems>
                                    <outputDirectory>
                                        ${project.build.directory}/demo/executionserver/applicationservers/WLP855
                                    </outputDirectory>
                                </configuration>
                            </execution>
                        </executions>
                    </plugin>
                    <plugin>
                        <artifactId>maven-antrun-plugin</artifactId>
                        <executions>
                            <execution>
                                <id>customize-tcpip-console</id>
                                <phase>process-test-resources</phase>
                                <configuration>

                                    <tasks>
                                        <echo message="To skip me, just call mvn -Dmaven.test.skip=true"/>
                                        <copy todir="target/demo/docker-compose">
                                            <fileset dir="./">
                                                <exclude name="target"/>
                                                <exclude name="src"/>
                                                <exclude name=".jazzignore"/>
                                                 <exclude name=".idea"/>
                                                 <exclude name=".iml"/>
                                            </fileset>
                                        </copy>
                                        <copy file="src/main/resources/.dockerignore" todir="target/demo"/>
                                        <copy file="README.md" todir="target/demo"/>
                                        <copy file="src/main/resources/markdown/html/style.css" todir="target/demo"/>
                                    </tasks>
                                </configuration>
                                <goals>
                                    <goal>run</goal>
                                </goals>
                            </execution>
                        </executions>
                    </plugin>
    <plugin>
        <groupId>com.ruleoftech</groupId>
        <artifactId>markdown-page-generator-plugin</artifactId>
        <version>0.10</version>
        <executions>
            <execution>
                <phase>process-sources</phase>
                <goals>
                    <goal>generate</goal>
                </goals>
            </execution>
        </executions>
         <configuration>
                <outputDirectory>${basedir}/target/demo</outputDirectory>
                <inputEncoding>UTF-8</inputEncoding>
                <outputEncoding>ISO-8859-15</outputEncoding>
                <inputDirectory>${project.basedir}</inputDirectory>
                <headerHtmlFile>${project.basedir}/src/main/resources/markdown/html/header.html</headerHtmlFile>
            </configuration>
    </plugin>
                </plugins>
            </build>
        </profile>
    </profiles>
</project>
