<server description="teamserver">
	<!-- Enable features -->
	<featureManager>
		<feature>servlet-3.0</feature>
		<feature>jndi-1.0</feature>
		<feature>jsp-2.2</feature>
		<feature>jdbc-4.0</feature>
		<feature>ssl-1.0</feature>
		<feature>appSecurity-2.0</feature>
	</featureManager>
	
	<!--  host="*" -->
	<httpEndpoint id="defaultHttpEndpoint" enableWelcomePage="true" host="*" httpPort="9090" httpsPort="9453" />
	
	<!-- Datasource and libraries -->
	<variable name="defaultHostName" value="localhost" />
	<library id="decisioncenter-libraries">
		<fileset dir="${shared.resource.dir}"
			includes="commons-logging-1.1.jar" />
	</library>
	<dataSource id="derbyEmbedded" isolationLevel="TRANSACTION_READ_COMMITTED" jndiName="jdbc/ilogDataSource">
		<jdbcDriver>
			<library name="derby-library">
				<fileset dir="${shared.resource.dir}" includes="derby.jar" />
			</library>
		</jdbcDriver>
		<properties.derby.embedded createDatabase="create" databaseName="${server.config.dir}/derby/decisioncenterDB" />
	</dataSource>
	
	<!-- Web application security -->
	<basicRegistry id="basic" realm="customRealm">
		<user name="rtsAdmin" password="rtsAdmin"/>
		<user name="rtsConfig" password="rtsConfig"/>
		<user name="rtsUser1" password="rtsUser1"/>
		<user name="rtsUser2" password="rtsUser2"/>
		<user name="Eli" password="Eli"/>
		<user name="Val" password="Val"/>
		<user name="joe" password="helloworld"/>
		<user name="jack" password="helloworld"/>
		<user name="averell" password="helloworld"/>
		<user name="william" password="helloworld"/>
		<user name="billy" password="helloworld"/>
		<user name="phil" password="helloworld"/>
		<user name="Paul" password="Paul"/>
		<user name="Bea" password="Bea"/>
		<user name="Abu" password="Abu"/>
		<user name="resAdmin" password="resAdmin"/>
		<user name="resDeployer" password="resDeployer"/>
		<user name="resMonitor" password="resMonitor"/>
		<group name="rtsAdministrator">
			<member name="rtsAdmin"/>
			<member name="averell"/>
		</group>
		<group name="rtsInstaller">
			<member name="rtsAdmin"/>
		</group>
		<group name="rtsConfigManager">
			<member name="rtsAdmin"/>
			<member name="rtsConfig"/>
		</group>
		<group name="rtsUser">
			<member name="rtsAdmin"/>
			<member name="rtsConfig"/>
			<member name="rtsUser1"/>
			<member name="rtsUser2"/>
			<member name="Eli"/>
			<member name="Val"/>
			<member name="william"/>
			<member name="billy"/>
			<member name="joe"/>
			<member name="jack"/>
			<member name="phil"/>
			<member name="Paul"/>
			<member name="Bea"/>
			<member name="Abu"/>
		</group>
		<group name="Eligibility">
			<member name="Eli"/>
			<member name="Val"/>
		</group>
		<group name="Validator">
			<member name="Val"/>
		</group>
		<group name="mycompany_insurancerules_admin">
			<member name="william"/>
		</group>
		<group name="mycompany_car_insurance_PM">
			<member name="rtsUser1"/>
			<member name="billy"/>
			<member name="joe"/>
		</group>
		<group name="mycompany_home_insurance_PM">
			<member name="billy"/>
			<member name="jack"/>
		</group>
		<group name="mycompany_rule_experts">
			<member name="billy"/>
			<member name="phil"/>
		</group>
		<group name="ruleViewer">
			<member name="rtsUser1"/>
			<member name="joe"/>
		</group>
		<group name="ruleEditor">
			<member name="jack"/>
		</group>
	</basicRegistry>
	
	<application id="decisioncenter" location="${server.config.dir}/apps/decisioncenter.ear" name="decisioncenter">
		<classloader commonLibraryRef="decisioncenter-libraries" delegation="parentLast" />
		<application-bnd>
			<security-role name="rtsAdministrator">
				<group name="rtsAdministrator" />
			</security-role>
			<security-role name="rtsInstaller">
				<group name="rtsInstaller" />
			</security-role>
			<security-role name="rtsConfigManager">
				<group name="rtsConfigManager" />
			</security-role>
			<security-role name="rtsUser">
				<group name="rtsUser" />
			</security-role>
			<security-role name="Eligibility">
				<group name="Eligibility" />
			</security-role>
			<security-role name="Validator">
				<group name="Validator" />
			</security-role>
			<security-role name="mycompany_insurancerules_admin">
				<group name="mycompany_insurancerules_admin" />
			</security-role>
			<security-role name="mycompany_car_insurance_PM">
				<group name="mycompany_car_insurance_PM" />
			</security-role>
			<security-role name="mycompany_home_insurance_PM">
				<group name="mycompany_home_insurance_PM" />
			</security-role>
			<security-role name="mycompany_rule_experts">
				<group name="mycompany_rule_experts" />
			</security-role>
			<security-role name="ruleViewer">
				<group name="ruleViewer"/>
			</security-role>
			<security-role name="ruleEditor">
				<group name="ruleEditor"/>
			</security-role>
		</application-bnd>
	</application>
	
	<webContainer enableDefaultIsElIgnoredInTag="true" enableJspMappingOverride="true" />
	<applicationMonitor updateTrigger="mbean" />
</server>
