<server>
  <!-- Web application security -->
	<basicRegistry id="basic" realm="customRealm">
		<user name="resAdmin" password="resAdmin" />
		<user name="resDeployer" password="resDeployer" />
		<user name="resMonitor" password="resMonitor" />
		<group name="resAdministrators">
			<member name="resAdmin" />
		</group>
		<group name="resDeployers">
			<member name="resAdmin" />
			<member name="resDeployer" />
		</group>
		<group name="resMonitors">
			<member name="resAdmin" />
			<member name="resDeployer" />
			<member name="resMonitor" />
		</group>
	</basicRegistry>
</server>
