<server>
  	<!-- Decision Center Datasource -->
	<dataSource id="derbyEmbedded" isolationLevel="TRANSACTION_READ_COMMITTED" jndiName="jdbc/ilogDataSource">
		<jdbcDriver>
			<library name="derby-library">
				 <fileset dir="${server.config.dir}/resources"/>
			</library>
		</jdbcDriver>
		<properties.derby.embedded createDatabase="create" user="ilog" password="ilog" databaseName="${server.config.dir}/dbdata/rtsdb" />
	</dataSource>

		<!-- RES datasource -->
	<library id="DerbyLib">
   		 <fileset dir="${server.config.dir}/resources"/>
	</library>
	<jdbcDriver id="DerbyJdbcDriver" libraryRef="DerbyLib" />
	<dataSource id="jdbc/resdatasource" jndiName="jdbc/resdatasource" jdbcDriverRef="DerbyJdbcDriver">
	<properties.derby.embedded createDatabase="create" user="RES" password="RES" databaseName="${server.config.dir}/dbdata/resdb" />	</dataSource>

</server>
